model,roc_auc,pr_auc,train_time,inference_time
SparseVAE,0.9657476756198347,0.962208235399838,5.3884196281433105,0.11823225021362305
BetaVAE,0.9657153925619835,0.9619081436540886,5.05048680305481,0.11696863174438477
FactorVAE,0.9642949380165289,0.9600030426862165,37.56591010093689,0.13462066650390625
ConditionalVAE,0.9631004648760331,0.9575530911830537,6.197918176651001,0.002002716064453125
BetaTCVAE,0.9629390495867769,0.9580660560860518,36.725735902786255,0.1377711296081543
OvercompleteVAE_Default,0.9530927169421488,0.9331435829104096,28.01427388191223,0.017943382263183594
NormalVAE_Default,0.9443117252066116,0.9270712064784646,17.195546627044678,0.01799297332763672
DeepHVAE,0.7994253615702479,0.8234055930504651,38.43331861495972,0.008999824523925781
HVAE_Default,0.7688210227272727,0.8068115311260391,41.66134166717529,0.008997440338134766
