model,roc_auc,pr_auc,train_time,inference_time
DeepHVAE,0.8856638951877046,0.8702077538355043,224.8779137134552,0.030274391174316406
HVAE_Default,0.8803829680020157,0.8663634044531974,157.4903485774994,0.023633956909179688
NormalVAE_Default,0.8669186192995718,0.8468203703498741,134.38879776000977,0.10165572166442871
FactorVAE,0.8648828420256991,0.8369038601332721,145.31907296180725,0.2625854015350342
OvercompleteVAE_Default,0.8596119929453263,0.8414370230316713,908.241702079773,0.15829730033874512
BetaTCVAE,0.8565079365079364,0.8266674079223939,154.6491894721985,0.25565648078918457
SparseVAE,0.8108944318468128,0.781471599424814,29.109833478927612,0.20032072067260742
ConditionalVAE,0.8095036533131771,0.7803336530617269,29.275752782821655,0.003002166748046875
BetaVAE,0.804877802973041,0.7749757394060206,27.043538808822632,0.23813390731811523
