model,roc_auc,pr_auc,train_time,inference_time
HVAE_Default,0.8394486183857557,0.876436148827094,46.36814022064209,0.09231066703796387
DeepHVAE,0.8367144348678598,0.8747072812717587,64.7994339466095,0.13259053230285645
OvercompleteVAE_Default,0.762185498936626,0.8245344218206501,43.426291704177856,0.20755219459533691
NormalVAE_Default,0.7617313697260703,0.8243551236716073,28.493547677993774,0.17598247528076172
BetaTCVAE,0.6734098119893007,0.761937421709936,60.04494380950928,1.509394645690918
FactorVAE,0.6622026509084031,0.754177914780451,59.29842829704285,1.8899292945861816
ConditionalVAE,0.6609221633388787,0.7767707195983282,9.658047437667847,0.006997108459472656
BetaVAE,0.6511351662221467,0.768882007281952,7.94975733757019,1.1611175537109375
SparseVAE,0.6502575449376835,0.7681877677915724,8.034407377243042,1.1598355770111084
