model,roc_auc,pr_auc,train_time,inference_time
HVAE_Default,0.9930293005671077,0.9933622674551787,12.063852787017822,0.024529457092285156
SparseVAE,0.9919659735349716,0.9925224369312945,3.399862766265869,0.266315221786499
FactorVAE,0.9910207939508506,0.9919571293140201,8.096937417984009,0.13195157051086426
BetaVAE,0.9909026465028354,0.991799450698458,5.1321165561676025,0.4843165874481201
BetaTCVAE,0.9907844990548204,0.9917186391277013,11.04338002204895,0.14586305618286133
ConditionalVAE,0.9906663516068054,0.9916846874260079,2.1146411895751953,0.00657343864440918
NormalVAE_Default,0.9855860113421548,0.9861713448923083,17.664987325668335,0.03292083740234375
DeepHVAE,0.6763941398865785,0.8147069338688109,18.562041521072388,0.01629805564880371
NormalVAE_Default,0.0,0.0,0.0,0.0
